method,seed,real_label_budget,distribution,manufactured_family,relative_l2,h1_error,energy_error,flux_error,pde_residual,parameter_count,pretrain_steps,pretrain_wall_seconds,bootstrap_l2_ci_low,bootstrap_l2_ci_high,run_id,evidence_class,amendment
scratch,11,25,id,matched,0.5257140278816224,0.9786670804023743,3.1224315205929964,1.1900527465343476,58.22433860416975,1185057,0,0.0,0.5120414254963398,0.539459647461772,scratch_n25_s11,CONFIRMATORY_STUDY2,0003_matched_block_jepa
scratch,11,25,ood,matched,0.5353841710090638,1.060719223022461,3.329687011189739,2.0815167093276976,70.79004566869696,1185057,0,0.0,0.527036912843585,0.543452431216836,scratch_n25_s11,CONFIRMATORY_STUDY2,0003_matched_block_jepa
mml_direct,11,25,id,matched,0.5021404248476028,0.9345300364494323,3.011538334291369,0.9941571795940399,58.466619909536256,1185057,4000,601.5534679889679,0.49033322490751746,0.5140000986605883,mml_direct_n25_s11,CONFIRMATORY_STUDY2,0003_matched_block_jepa
mml_direct,11,25,ood,matched,0.5317618054151535,1.0121301448345184,3.247527664615159,1.1387620782852172,70.21977127273884,1185057,4000,601.5534679889679,0.5210508780479431,0.5417584564387798,mml_direct_n25_s11,CONFIRMATORY_STUDY2,0003_matched_block_jepa
lmop_jepa,11,25,id,matched,0.5290638720989227,0.9728036522865295,3.4688253542234775,1.0721490919589995,68.40459593221624,1185057,4000,292.6886398792267,0.5139587353020907,0.5448363867551088,lmop_jepa_n25_s11,CONFIRMATORY_STUDY2,0003_matched_block_jepa
lmop_jepa,11,25,ood,matched,0.5386051845550537,1.0462130880355835,3.4611807142708795,1.2331398272514342,77.64730935009428,1185057,4000,292.6886398792267,0.5271906327605248,0.5499375553280116,lmop_jepa_n25_s11,CONFIRMATORY_STUDY2,0003_matched_block_jepa
scratch,11,100,id,matched,0.5097393864393234,0.9428757500648498,2.8735286748159443,0.9764049637317658,55.68681250372326,1185057,0,0.0,0.5010410094708204,0.5183662968426943,scratch_n100_s11,CONFIRMATORY_STUDY2,0003_matched_block_jepa
scratch,11,100,ood,matched,0.5371815818548202,1.0328345429897308,3.169108187798851,1.1356257438659667,69.60056405682364,1185057,0,0.0,0.529886416181922,0.5442445569634438,scratch_n100_s11,CONFIRMATORY_STUDY2,0003_matched_block_jepa
mml_direct,11,100,id,matched,0.5013987636566162,0.9379520487785339,2.9140781427661087,0.9948299098014831,57.275509617517976,1185057,4000,601.5534679889679,0.49269069692492484,0.5108217687755823,mml_direct_n100_s11,CONFIRMATORY_STUDY2,0003_matched_block_jepa
mml_direct,11,100,ood,matched,0.5350755292177201,1.0354425919055938,3.0631091181027377,1.2305695557594298,66.4950014400592,1185057,4000,601.5534679889679,0.5259957586079836,0.5435973355174065,mml_direct_n100_s11,CONFIRMATORY_STUDY2,0003_matched_block_jepa
lmop_jepa,11,100,id,matched,0.518585135936737,0.9584815955162048,2.924357302951663,1.025948394536972,56.35373929863063,1185057,4000,292.6886398792267,0.5066448114067316,0.5310005062669515,lmop_jepa_n100_s11,CONFIRMATORY_STUDY2,0003_matched_block_jepa
lmop_jepa,11,100,ood,matched,0.5468627470731735,1.2021523213386536,3.3880437442336704,1.7354769062995912,74.73412567085171,1185057,4000,292.6886398792267,0.5374903046935796,0.5562309822142124,lmop_jepa_n100_s11,CONFIRMATORY_STUDY2,0003_matched_block_jepa
scratch,23,25,id,matched,0.5135015839338303,0.9592258381843567,2.9560192672619765,1.0147722887992858,56.19430970545779,1185057,0,0.0,0.5002814641743898,0.5265833524167538,scratch_n25_s23,CONFIRMATORY_STUDY2,0003_matched_block_jepa
scratch,23,25,ood,matched,0.5440684169530868,1.128843822479248,3.317802834764896,1.420899178981781,71.02938161523794,1185057,0,0.0,0.5329789862483739,0.5544681605249643,scratch_n25_s23,CONFIRMATORY_STUDY2,0003_matched_block_jepa
mml_direct,23,25,id,matched,0.5033347457647324,0.937160347700119,3.1663110573495516,1.007752468585968,62.719510974272495,1185057,4000,601.5534679889679,0.4925916567891836,0.5149887686818838,mml_direct_n25_s23,CONFIRMATORY_STUDY2,0003_matched_block_jepa
mml_direct,23,25,ood,matched,0.5315615582466126,1.0212334144115447,3.369616786623687,1.160080188512802,74.13810415690982,1185057,4000,601.5534679889679,0.5194403783679009,0.5430126380324363,mml_direct_n25_s23,CONFIRMATORY_STUDY2,0003_matched_block_jepa
lmop_jepa,23,25,id,matched,0.5345612943172455,0.9778405618667603,3.530423328418037,1.0726233839988708,69.42251382581787,1185057,4000,292.6886398792267,0.5206591082066298,0.5488345485627651,lmop_jepa_n25_s23,CONFIRMATORY_STUDY2,0003_matched_block_jepa
lmop_jepa,23,25,ood,matched,0.5347710013389587,1.0490919137001038,3.601074019465547,1.2622993683815003,80.19560820789206,1185057,4000,292.6886398792267,0.5245186034142971,0.5453793312758207,lmop_jepa_n25_s23,CONFIRMATORY_STUDY2,0003_matched_block_jepa
scratch,23,100,id,matched,0.4975935822725296,0.9333785331249237,2.8114720823882187,0.9824386763572693,52.1185075104697,1185057,0,0.0,0.48782835641503336,0.5073499523699284,scratch_n100_s23,CONFIRMATORY_STUDY2,0003_matched_block_jepa
scratch,23,100,ood,matched,0.535531747341156,1.0679064011573791,3.18408124080177,1.2274963879585266,67.27961679009506,1185057,0,0.0,0.5269659258425236,0.5436845559179783,scratch_n100_s23,CONFIRMATORY_STUDY2,0003_matched_block_jepa
mml_direct,23,100,id,matched,0.50197793841362,0.9377780520915985,3.075317432206882,0.9954221713542938,61.17527704473141,1185057,4000,601.5534679889679,0.49380252096056937,0.5110684660226106,mml_direct_n100_s23,CONFIRMATORY_STUDY2,0003_matched_block_jepa
mml_direct,23,100,ood,matched,0.5314304924011231,1.025226228237152,3.2146686401301796,1.1914044642448425,70.587297232809,1185057,4000,601.5534679889679,0.5222016249895096,0.540042079269886,mml_direct_n100_s23,CONFIRMATORY_STUDY2,0003_matched_block_jepa
lmop_jepa,23,100,id,matched,0.5164162355661392,0.9544303297996521,3.224573407431564,1.0397653949260712,62.35820691983953,1185057,4000,292.6886398792267,0.5027968722581863,0.5301885121762753,lmop_jepa_n100_s23,CONFIRMATORY_STUDY2,0003_matched_block_jepa
lmop_jepa,23,100,ood,matched,0.548464082479477,1.22883141040802,3.8461631027404355,1.7963763856887818,85.83070204653815,1185057,4000,292.6886398792267,0.5342800797671079,0.5621589806228876,lmop_jepa_n100_s23,CONFIRMATORY_STUDY2,0003_matched_block_jepa
scratch,47,25,id,matched,0.5164593654870987,0.9595586502552033,2.903211758779546,1.0524789702892303,54.51105412741852,1185057,0,0.0,0.5021746579557657,0.5307357542216777,scratch_n25_s47,CONFIRMATORY_STUDY2,0003_matched_block_jepa
scratch,47,25,ood,matched,0.5399442780017852,1.0605398225784302,3.2168760718385787,1.499762008190155,70.23151084159737,1185057,0,0.0,0.529525849416852,0.5496244299262762,scratch_n25_s47,CONFIRMATORY_STUDY2,0003_matched_block_jepa
mml_direct,47,25,id,matched,0.5021817177534104,0.9368712496757508,3.0340627504711737,1.0121789836883546,59.725989850784536,1185057,4000,601.5534679889679,0.49080248400568965,0.5144025306552649,mml_direct_n25_s47,CONFIRMATORY_STUDY2,0003_matched_block_jepa
mml_direct,47,25,ood,matched,0.532977848649025,1.0219440281391143,3.252344971880622,1.1616309535503389,71.37598580644845,1185057,4000,601.5534679889679,0.5209636214524508,0.5445633153021335,mml_direct_n25_s47,CONFIRMATORY_STUDY2,0003_matched_block_jepa
lmop_jepa,47,25,id,matched,0.5231753534078598,0.9706916654109955,2.9237492548155894,1.106590826511383,54.752806006692275,1185057,4000,292.6886398792267,0.5061686900407075,0.5386503968834877,lmop_jepa_n25_s47,CONFIRMATORY_STUDY2,0003_matched_block_jepa
lmop_jepa,47,25,ood,matched,0.5398726177215576,1.0582428610324859,3.240447019785467,1.2828260374069214,71.90346224255798,1185057,4000,292.6886398792267,0.5291526142209768,0.5503949217945338,lmop_jepa_n25_s47,CONFIRMATORY_STUDY2,0003_matched_block_jepa
scratch,47,100,id,matched,0.5025623524188996,0.9302949404716492,3.0856105660656787,1.0035696423053742,60.64072254489831,1185057,0,0.0,0.49301838080585003,0.5122713708728551,scratch_n100_s47,CONFIRMATORY_STUDY2,0003_matched_block_jepa
scratch,47,100,ood,matched,0.5401417285203933,1.1341274166107178,3.4879975174337274,1.450544948577881,76.27782106969966,1185057,0,0.0,0.5294934546500445,0.5501732823997736,scratch_n100_s47,CONFIRMATORY_STUDY2,0003_matched_block_jepa
mml_direct,47,100,id,matched,0.4975359147787094,0.9247068750858307,2.9323342225598106,0.981314982175827,56.73740802425241,1185057,4000,601.5534679889679,0.4887063333839178,0.5069746252000332,mml_direct_n100_s47,CONFIRMATORY_STUDY2,0003_matched_block_jepa
mml_direct,47,100,ood,matched,0.5319806003570556,1.0223067128658294,3.134025319077847,1.1228081011772155,68.27688611247902,1185057,4000,601.5534679889679,0.5237369806170464,0.5396953450292349,mml_direct_n100_s47,CONFIRMATORY_STUDY2,0003_matched_block_jepa
lmop_jepa,47,100,id,matched,0.5198160684108735,0.9593678331375122,3.19367733380039,1.0336914718151093,62.54715131150243,1185057,4000,292.6886398792267,0.5060272662788629,0.5335698549747467,lmop_jepa_n100_s47,CONFIRMATORY_STUDY2,0003_matched_block_jepa
lmop_jepa,47,100,ood,matched,0.5352201181650161,1.0368943214416504,3.4587948782809135,1.1856665074825288,76.03192999778253,1185057,4000,292.6886398792267,0.5234172278791666,0.5473175593912601,lmop_jepa_n100_s47,CONFIRMATORY_STUDY2,0003_matched_block_jepa
