method,seed,real_label_budget,distribution,manufactured_family,relative_l2,h1_error,energy_error,flux_error,pde_residual,parameter_count,pretrain_steps,pretrain_wall_seconds,bootstrap_l2_ci_low,bootstrap_l2_ci_high,run_id,evidence_class
scratch,11,16,id,mixed,0.49213578924536705,0.9774549193680286,2.015864857513373,1.2524983584880829,20.94001945672563,66417,0,0.0,0.4699225244112313,0.5147527685854584,scratch_n16_s11,SMOKE_NOT_EVIDENCE
scratch,11,16,ood,mixed,0.5405659768730402,1.360213652253151,2.9417625970475623,2.5153652355074883,41.01720497415834,66417,0,0.0,0.5249938319902867,0.5589738052338362,scratch_n16_s11,SMOKE_NOT_EVIDENCE
mml_direct,11,16,id,mixed,0.4804656822234392,0.944636732339859,1.9600168681383434,1.0560333877801895,18.894256318649497,66417,100,10.280418634414673,0.4544146029278636,0.5074356575030833,mml_direct_n16_s11,SMOKE_NOT_EVIDENCE
mml_direct,11,16,ood,mixed,0.5151265412569046,1.0949533507227898,2.4232743811918143,1.3686292096972466,26.361015134708296,66417,100,10.280418634414673,0.4978888023644686,0.535967388516292,mml_direct_n16_s11,SMOKE_NOT_EVIDENCE
lmop_jepa,11,16,id,mixed,0.5293122921139002,1.0582575090229511,2.107944923348756,1.9559006616473198,22.850857657266303,66417,100,4.46460223197937,0.5100173308514059,0.5514430929441004,lmop_jepa_n16_s11,SMOKE_NOT_EVIDENCE
lmop_jepa,11,16,ood,mixed,0.5772329829633236,1.6193488761782646,3.7536438092929516,4.600684627890587,67.68341873012663,66417,100,4.46460223197937,0.5616810746490956,0.5937697995454073,lmop_jepa_n16_s11,SMOKE_NOT_EVIDENCE
scratch,11,32,id,mixed,0.4756864532828331,0.9414173811674118,1.9104350314947864,1.1501257754862309,19.894606569010428,66417,0,0.0,0.44830294759012757,0.5047839227598161,scratch_n32_s11,SMOKE_NOT_EVIDENCE
scratch,11,32,ood,mixed,0.5328445639461279,1.276858739554882,2.690958546460137,2.120565541088581,36.91879189372799,66417,0,0.0,0.5160097731743007,0.5542980855330825,scratch_n32_s11,SMOKE_NOT_EVIDENCE
mml_direct,11,32,id,mixed,0.47647165693342686,0.9315142370760441,1.8310371341801568,1.0340169370174408,17.6579579348957,66417,100,10.280418634414673,0.4444591465871781,0.5097250301856547,mml_direct_n32_s11,SMOKE_NOT_EVIDENCE
mml_direct,11,32,ood,mixed,0.5214183069765568,1.1260478310286999,2.3504478355820857,1.386245846748352,26.89981627746509,66417,100,10.280418634414673,0.5032888151705265,0.5437325513456017,mml_direct_n32_s11,SMOKE_NOT_EVIDENCE
lmop_jepa,11,32,id,mixed,0.48953014984726906,0.965034119784832,1.969566204137671,1.2244338802993298,19.12145196581102,66417,100,4.46460223197937,0.46874518096446993,0.512567091640085,lmop_jepa_n32_s11,SMOKE_NOT_EVIDENCE
lmop_jepa,11,32,ood,mixed,0.5355751495808363,1.2568860948085785,2.8357410501457267,2.2520718201994896,37.230039015433064,66417,100,4.46460223197937,0.5161947928834707,0.5579202086664736,lmop_jepa_n32_s11,SMOKE_NOT_EVIDENCE
