method,seed,real_label_budget,distribution,adaptation,manufactured_family,relative_l2,h1_error,energy_error,flux_error,pde_residual,pretrain_steps,bootstrap_l2_ci_low,bootstrap_l2_ci_high,run_id,evidence_class,amendment
scratch,11,25,id,probe,matched,0.5380975425243377,1.0045338928699494,3.1883190855156713,1.3850920987129212,60.04553002285314,0,0.5230787535607815,0.5525184694379568,probe_scratch_n25_s11,CONFIRMATORY_STUDY3,0004_preserve_ssl
scratch,11,25,ood,probe,matched,0.5415727192163468,1.126297616958618,3.3730610104632386,3.0016581773757935,71.87097192482145,0,0.5342859501242638,0.548898409575224,probe_scratch_n25_s11,CONFIRMATORY_STUDY3,0004_preserve_ssl
mml_direct,11,25,id,probe,matched,0.5015058928728103,0.9360773181915283,3.008554947660962,1.0022668170928954,58.21650331993652,4000,0.4900498433113098,0.5130862794369458,probe_mml_direct_n25_s11,CONFIRMATORY_STUDY3,0004_preserve_ssl
mml_direct,11,25,ood,probe,matched,0.5317013782262802,1.035260626077652,3.2776469900723617,1.2685141682624816,70.41758714896072,4000,0.5207974387407303,0.5416710733473301,probe_mml_direct_n25_s11,CONFIRMATORY_STUDY3,0004_preserve_ssl
lmop_jepa,11,25,id,probe,matched,0.5066360008716583,0.9467621243000031,3.025572050186165,1.010142138004303,58.46663561946761,4000,0.4948532506078482,0.5184852924644947,probe_lmop_jepa_n25_s11,CONFIRMATORY_STUDY3,0004_preserve_ssl
lmop_jepa,11,25,ood,probe,matched,0.5328177279233932,1.0044607150554656,3.1302485610411726,1.1081215262413024,65.27656260553762,4000,0.5202125778198242,0.5450286213159561,probe_lmop_jepa_n25_s11,CONFIRMATORY_STUDY3,0004_preserve_ssl
scratch,11,100,id,probe,matched,0.5219371372461319,0.9809037458896637,2.9597308342042634,1.0728359735012054,54.434865994500754,0,0.511174035936594,0.5327679034322501,probe_scratch_n100_s11,CONFIRMATORY_STUDY3,0004_preserve_ssl
scratch,11,100,ood,probe,matched,0.5377950209379196,1.0873225688934327,3.044107782749482,1.586232964992523,56.92469572412918,0,0.5314496766030788,0.5440557330846786,probe_scratch_n100_s11,CONFIRMATORY_STUDY3,0004_preserve_ssl
mml_direct,11,100,id,probe,matched,0.4998329716920853,0.9379722607135773,3.0020891062570767,1.0010183441638947,58.00709473983063,4000,0.49113900773227215,0.5088916793763637,probe_mml_direct_n100_s11,CONFIRMATORY_STUDY3,0004_preserve_ssl
mml_direct,11,100,ood,probe,matched,0.5322241723537445,1.0691526067256927,3.172105465293074,1.3222949290275574,67.81798107872783,4000,0.5243076655268669,0.5397060271501541,probe_mml_direct_n100_s11,CONFIRMATORY_STUDY3,0004_preserve_ssl
lmop_jepa,11,100,id,probe,matched,0.5032197916507721,0.941085946559906,2.871988723418334,0.986470263004303,55.020386535327546,4000,0.4931317173838615,0.5135795886665583,probe_lmop_jepa_n100_s11,CONFIRMATORY_STUDY3,0004_preserve_ssl
lmop_jepa,11,100,ood,probe,matched,0.5326389729976654,0.9940716624259949,3.0135222106406934,1.0660575938224792,63.45256292536799,4000,0.5233955058455467,0.541774129524827,probe_lmop_jepa_n100_s11,CONFIRMATORY_STUDY3,0004_preserve_ssl
scratch,23,25,id,probe,matched,0.541825938820839,0.9883551847934723,3.2981912531749886,1.008142080307007,66.26365581629626,0,0.5258801438808441,0.5577084317803382,probe_scratch_n25_s23,CONFIRMATORY_STUDY3,0004_preserve_ssl
scratch,23,25,ood,probe,matched,0.5360582900047303,1.008394639492035,3.285404670375384,1.228308951854706,70.23482058651415,0,0.5278213632106781,0.5442981988042592,probe_scratch_n25_s23,CONFIRMATORY_STUDY3,0004_preserve_ssl
mml_direct,23,25,id,probe,matched,0.5012475347518921,0.9359868848323822,2.9497223168336735,1.002195817232132,56.82054403658578,4000,0.48958545647561547,0.5131079030781984,probe_mml_direct_n25_s23,CONFIRMATORY_STUDY3,0004_preserve_ssl
mml_direct,23,25,ood,probe,matched,0.5323390942811966,1.037056497335434,3.222046183580704,1.2803814506530762,68.89382072195143,4000,0.5214539447277784,0.5423777488768101,probe_mml_direct_n25_s23,CONFIRMATORY_STUDY3,0004_preserve_ssl
lmop_jepa,23,25,id,probe,matched,0.5090623015165329,0.9501696145534515,2.9592920750776237,1.0137363910675048,57.204353382728634,4000,0.49716007870435713,0.5204008939415217,probe_lmop_jepa_n25_s23,CONFIRMATORY_STUDY3,0004_preserve_ssl
lmop_jepa,23,25,ood,probe,matched,0.5337487119436264,1.0048933124542236,3.062746724460822,1.1061424756050109,64.03885852386281,4000,0.5209647372663021,0.5460302813202143,probe_lmop_jepa_n25_s23,CONFIRMATORY_STUDY3,0004_preserve_ssl
scratch,23,100,id,probe,matched,0.5258626055717468,0.9897809970378876,3.0733589613150825,1.1582211875915527,56.18743401858328,0,0.5140141049325466,0.5372739194780588,probe_scratch_n100_s23,CONFIRMATORY_STUDY3,0004_preserve_ssl
scratch,23,100,ood,probe,matched,0.5383440381288529,1.1023637628555298,3.169603901758275,1.9495705008506774,58.64472771775241,0,0.5312825696021319,0.5451704706400633,probe_scratch_n100_s23,CONFIRMATORY_STUDY3,0004_preserve_ssl
mml_direct,23,100,id,probe,matched,0.4990430998802185,0.9368634188175201,2.9293413916811004,0.9995492362976074,56.33281752282152,4000,0.49002198532223706,0.5084314500242472,probe_mml_direct_n100_s23,CONFIRMATORY_STUDY3,0004_preserve_ssl
mml_direct,23,100,ood,probe,matched,0.5334205329418182,1.0671322059631347,3.1058623163515917,1.3136688089370727,66.25526154125183,4000,0.5255135630369187,0.5410197625309229,probe_mml_direct_n100_s23,CONFIRMATORY_STUDY3,0004_preserve_ssl
lmop_jepa,23,100,id,probe,matched,0.502120041847229,0.9413010215759278,2.9047171642888485,0.9878164172172547,55.19610348754551,4000,0.4917187811434269,0.5125071340054274,probe_lmop_jepa_n100_s23,CONFIRMATORY_STUDY3,0004_preserve_ssl
lmop_jepa,23,100,ood,probe,matched,0.5306061923503875,0.995602376461029,3.072742117293146,1.0759900331497192,64.42070264151383,4000,0.5207238782197237,0.5404120953977108,probe_lmop_jepa_n100_s23,CONFIRMATORY_STUDY3,0004_preserve_ssl
scratch,47,25,id,probe,matched,0.5328942263126373,0.9904096245765686,3.1949678603891556,1.204938280582428,60.878553378490686,0,0.5186117274165154,0.5468547458946705,probe_scratch_n25_s47,CONFIRMATORY_STUDY3,0004_preserve_ssl
scratch,47,25,ood,probe,matched,0.5374315524101257,1.076196358203888,3.272362791005645,2.2836696696281433,67.26437840334289,0,0.5299230750352144,0.5447717394977808,probe_scratch_n25_s47,CONFIRMATORY_STUDY3,0004_preserve_ssl
mml_direct,47,25,id,probe,matched,0.5002373260259628,0.9338762521743774,3.0046650085152837,0.9992197811603546,58.01318150846677,4000,0.4886172754019499,0.5121204260885716,probe_mml_direct_n25_s47,CONFIRMATORY_STUDY3,0004_preserve_ssl
mml_direct,47,25,ood,probe,matched,0.531554354429245,1.0341559588909148,3.278730332361992,1.2591834712028502,70.40104557417517,4000,0.5204632867723703,0.5416793173253536,probe_mml_direct_n25_s47,CONFIRMATORY_STUDY3,0004_preserve_ssl
lmop_jepa,47,25,id,probe,matched,0.5094702929258347,0.9469635725021363,2.908644620555896,1.0060996985435486,56.520607600437785,4000,0.4977410653531551,0.5207592889517546,probe_lmop_jepa_n25_s47,CONFIRMATORY_STUDY3,0004_preserve_ssl
lmop_jepa,47,25,ood,probe,matched,0.5353837472200393,0.998823117017746,3.008264586099003,1.0840229344367982,63.23897423419439,4000,0.5242334582656623,0.5464158538579941,probe_lmop_jepa_n25_s47,CONFIRMATORY_STUDY3,0004_preserve_ssl
scratch,47,100,id,probe,matched,0.5256608378887176,0.9930419588088989,3.077048869985237,1.3192899668216704,55.74878819506537,0,0.5140099427103997,0.5369739088267088,probe_scratch_n100_s47,CONFIRMATORY_STUDY3,0004_preserve_ssl
scratch,47,100,ood,probe,matched,0.5415303283929824,1.1434185361862184,3.2724155572085754,2.7452199459075928,64.83317403584105,0,0.5344088112860917,0.5482910411804915,probe_scratch_n100_s47,CONFIRMATORY_STUDY3,0004_preserve_ssl
mml_direct,47,100,id,probe,matched,0.4988967800140381,0.9361798989772797,2.9019710944711106,0.998036949634552,55.88663342484188,4000,0.48980522792041303,0.5085852131694555,probe_mml_direct_n100_s47,CONFIRMATORY_STUDY3,0004_preserve_ssl
mml_direct,47,100,ood,probe,matched,0.5344186115264893,1.0645607316493988,3.0705686659461127,1.2997772622108459,65.52958364045337,4000,0.5264870966970921,0.5421702485829591,probe_mml_direct_n100_s47,CONFIRMATORY_STUDY3,0004_preserve_ssl
lmop_jepa,47,100,id,probe,matched,0.5021591079235077,0.9406987822055817,2.941971241354566,0.9867306029796601,56.148008345778265,4000,0.49170429496467116,0.5123865624070167,probe_lmop_jepa_n100_s47,CONFIRMATORY_STUDY3,0004_preserve_ssl
lmop_jepa,47,100,ood,probe,matched,0.5303495162725449,0.9954006409645081,3.0956005225719423,1.0737136554718019,65.07004821406515,4000,0.5207679029256106,0.5399498108327389,probe_lmop_jepa_n100_s47,CONFIRMATORY_STUDY3,0004_preserve_ssl
