method,n_labels,seed,split,fidelity_mean,fidelity_std,rel_energy_error_mean,rel_rayleigh_energy_error_mean,residual_rel_mean,residual_true_e_mean,residual_rayleigh_mean,bootstrap_fidelity_ci_low,bootstrap_fidelity_ci_high
scratch,4,11,test_ID,0.7701820656334731,0.029188982317707834,0.050453236609271736,3.7329087079650067,80.0047415176793,79.86824740857622,73.09812400975336,0.7409930833157653,0.799371047951181
scratch,4,11,test_OOD_narrow,0.7450954221517597,0.04083511138481499,0.10365456985239435,3.4446879858913313,76.508199143595,76.08682873627758,68.80560850934958,0.7042603107669447,0.7859305335365747
scratch,4,11,test_OOD_strong,0.6638823460967739,0.01651768815298571,0.5557675399332446,7.686752366434424,80.7383909919811,82.07662366220244,70.85202400049639,0.6473646579437882,0.6804000342497596
scratch,4,11,test_OOD_double,0.7507913204873249,0.016999993828714588,0.07855048882573543,3.9132038162656775,84.37834013661494,84.08178442334598,76.38278603851015,0.7337913266586104,0.7677913143160395
field,4,11,test_ID,0.7297431321565784,0.017353508490517977,0.051411964584849854,4.223221278680402,79.96152149379802,79.81968334413679,70.9791108540067,0.7123896236660604,0.7470966406470964
field,4,11,test_OOD_narrow,0.7061963121563425,0.05119591001023449,0.10962852449810606,3.681315241397042,75.41414941565097,74.93178585597626,66.30989972214196,0.655000402146108,0.757392222166577
field,4,11,test_OOD_strong,0.6109548346064201,0.037067959104265635,0.5809666868370534,8.062280997216378,83.02068892863713,84.44788989238333,72.86059230844911,0.5738868755021544,0.6480227937106857
field,4,11,test_OOD_double,0.7572065044854768,0.006788031337274292,0.07405047919787433,3.661090112199279,77.91707733306859,77.63244440911227,70.31252503093992,0.7504184731482024,0.763994535822751
operator,4,11,test_ID,0.7260667228508401,0.015286752366802991,0.05133833593268976,4.249208277472121,80.05963338326818,79.91672793146847,70.9821455560735,0.7107799704840371,0.741353475217643
operator,4,11,test_OOD_narrow,0.7049425835314491,0.052206191148814585,0.10867573696138844,3.689199246744132,75.23152396355428,74.7513971000611,66.0637889825782,0.6527363923826345,0.7571487746802636
operator,4,11,test_OOD_strong,0.6135405489167898,0.04390019994004113,0.578417130659258,7.901834189489456,82.11939025245655,83.5274759484452,72.39760124462705,0.5696403489767486,0.6574407488568309
operator,4,11,test_OOD_double,0.7510808252528345,0.0064695874092245975,0.07542546251328341,3.699445148668369,78.08262203414844,77.7900552602146,70.32272156032622,0.7446112378436099,0.7575504126620591
krylov,4,11,test_ID,0.7265028239114456,0.012878335832362975,0.05075229715456132,4.253966611206671,80.05671454462298,79.91316084264648,70.97335534703353,0.7136244880790826,0.7393811597438086
krylov,4,11,test_OOD_narrow,0.7064281350615671,0.0513206715979046,0.10947065152107249,3.628624038081378,74.54482827378507,74.06470046971344,65.58846162596379,0.6551074634636626,0.7577488066594718
krylov,4,11,test_OOD_strong,0.6104940615247711,0.028186161378922325,0.5815603398397484,8.159649234238051,84.39855707567193,85.82420946766601,73.99624125728442,0.5823079001458488,0.6386802229036934
krylov,4,11,test_OOD_double,0.7580212132845372,0.007588117434907504,0.07393099230024368,3.6153990402796454,77.23631765609889,76.95289194553013,69.7548220766061,0.7504330958496297,0.7656093307194447
