split,method,n_labels,fidelity_mean,fidelity_std,rel_energy_error_mean,rel_rayleigh_energy_error_mean,residual_rel_mean,n_seeds
test_ID,field,4,0.7297431321565784,0.0,0.051411964584849854,4.223221278680402,79.96152149379802,1
test_ID,krylov,4,0.7265028239114456,0.0,0.05075229715456132,4.253966611206671,80.05671454462298,1
test_ID,operator,4,0.7260667228508401,0.0,0.05133833593268976,4.249208277472121,80.05963338326818,1
test_ID,scratch,4,0.7701820656334731,0.0,0.050453236609271736,3.7329087079650067,80.0047415176793,1
test_OOD_double,field,4,0.7572065044854768,0.0,0.07405047919787433,3.661090112199279,77.91707733306859,1
test_OOD_double,krylov,4,0.7580212132845372,0.0,0.07393099230024368,3.6153990402796454,77.23631765609889,1
test_OOD_double,operator,4,0.7510808252528345,0.0,0.07542546251328341,3.699445148668369,78.08262203414844,1
test_OOD_double,scratch,4,0.7507913204873249,0.0,0.07855048882573543,3.9132038162656775,84.37834013661494,1
test_OOD_narrow,field,4,0.7061963121563425,0.0,0.10962852449810606,3.681315241397042,75.41414941565097,1
test_OOD_narrow,krylov,4,0.7064281350615671,0.0,0.10947065152107249,3.628624038081378,74.54482827378507,1
test_OOD_narrow,operator,4,0.7049425835314491,0.0,0.10867573696138844,3.689199246744132,75.23152396355428,1
test_OOD_narrow,scratch,4,0.7450954221517597,0.0,0.10365456985239435,3.4446879858913313,76.508199143595,1
test_OOD_strong,field,4,0.6109548346064201,0.0,0.5809666868370534,8.062280997216378,83.02068892863713,1
test_OOD_strong,krylov,4,0.6104940615247711,0.0,0.5815603398397484,8.159649234238051,84.39855707567193,1
test_OOD_strong,operator,4,0.6135405489167898,0.0,0.578417130659258,7.901834189489456,82.11939025245655,1
test_OOD_strong,scratch,4,0.6638823460967739,0.0,0.5557675399332446,7.686752366434424,80.7383909919811,1
