method,subset,split,n,fidelity_mean,rel_energy_error_mean,residual_true_e_mean,elapsed_sec_mean
free_box,no_labels,test_ID,12,0.9944600912683774,0.012983179785299575,1.4838049612773967,0.0006739653334003984
sine_ritz_9,no_labels,test_ID,12,0.999898440528011,0.001091849545434735,0.7616658042403536,0.0016029306666875225
train_mean,n10,test_ID,12,0.993491405534829,0.09141854042989662,1.5370898340242063,8.30566667294382e-06
linear_ridge,n10,test_ID,12,0.9995249281636337,0.011009574571108419,0.8763810559874315,2.5746750035674875e-05
train_mean,n20,test_ID,12,0.9944321049751985,0.08887342593832788,1.4693744599605703,1.333341659422634e-05
linear_ridge,n20,test_ID,12,0.9999040619764021,0.012829074580529167,0.5167663381877188,3.2909750037409445e-05
free_box,no_labels,test_OOD_double,8,0.9972415707314015,0.006500998736437724,1.284091723162811,0.0014163644999598546
sine_ritz_9,no_labels,test_OOD_double,8,0.9999351999291515,0.0006793151663820868,0.7187837971806018,0.0023796822500798953
train_mean,n10,test_OOD_double,8,0.9964685664225558,0.05160517095842143,1.3953213425215878,1.1135625015867845e-05
linear_ridge,n10,test_OOD_double,8,0.9993849994224114,0.007713887254746103,0.9453179494040348,2.748437503896639e-05
train_mean,n20,test_OOD_double,8,0.9966667514698269,0.06664981961402522,1.3801130993170236,8.208125052533433e-06
linear_ridge,n20,test_OOD_double,8,0.9998806321704978,0.01027829179405176,0.6033584993728709,2.9708499994285376e-05
free_box,no_labels,test_OOD_narrow,8,0.9997390327564702,0.0008602870223215188,0.7499438644235669,0.0008466822499713089
sine_ritz_9,no_labels,test_OOD_narrow,8,0.9999732312042393,0.00033627867457628147,0.6696403803201606,0.0007455573750121403
train_mean,n10,test_OOD_narrow,8,0.9992690924875622,0.11350969599504002,0.8874133027864979,6.750000011379598e-06
linear_ridge,n10,test_OOD_narrow,8,0.9999044421622616,0.005337139721506066,0.7253908525681915,2.3391000183892174e-05
train_mean,n20,test_OOD_narrow,8,0.999361420657305,0.13629872006483484,0.8644992879644402,8.66662503540283e-06
linear_ridge,n20,test_OOD_narrow,8,0.9999643292243663,0.005771325304857933,0.5955995507163918,3.160949995617557e-05
free_box,no_labels,test_OOD_strong,8,0.9648714881112573,0.31038302636677917,4.2661971815932915,0.0010428228749788104
sine_ritz_9,no_labels,test_OOD_strong,8,0.9989793663112316,0.032929583946074814,2.527482346812643,0.000856041625013404
train_mean,n10,test_OOD_strong,8,0.9652960910474498,1.6730792967252799,4.17278790499015,7.265625072250259e-06
linear_ridge,n10,test_OOD_strong,8,0.996309138328877,0.2577287226033681,2.4857895433435093,2.7244875013821e-05
train_mean,n20,test_OOD_strong,8,0.9639029486253029,1.6107891419105294,4.227919680785442,1.1359375037045538e-05
linear_ridge,n20,test_OOD_strong,8,0.9989824534695557,0.23418201498469085,1.5015392638171035,4.767699994090435e-05
